800289129	Zhenzhen	Zhu	Zhenzhen Zhu	CHN	朱珍珍	朱珍珍		
800486677	Jing	Yang	Jing Yang	CHN	杨菁	杨菁		
800486679	Yujiao	Che	Yujiao Che	CHN	车玉娇	车玉娇		
800511432	Alexandra	Eala	Alexandra Eala	PHI	埃拉	亚历山德拉·埃拉		
800516155	Jingyi	Wang	Jingyi Wang	CHN	王静怡	王静怡		
800112067	So	Hanatani	So Hanatani	JPN	华谷宗	华谷宗	華谷 宗	華谷 宗
800488016	Kenta	Miyoshi	Kenta Miyoshi	JPN	三好健太	三好健太	三好 健太	三好 健太
800358470	Yuiki	Ue	Yuiki Ue	JPN	上唯希	上唯希	上 唯希	上 唯希
800354292	Kaito	Itsusaki	Kaito Itsusaki	JPN	逸崎凯人	逸崎凯人	逸﨑 凱人	逸﨑 凱人
800516084	Hanwen	Li	Hanwen Li	CHN	李翰文	李翰文		
800413627	Tsz Yan Adrian	Yao	Tsz Yan Adrian Yao	HKG	姚子欣	姚子欣		
800488424	Ching Wah	Wai	Ching Wah Wai	HKG	韦正桦	韦正桦		
800311720	Man Hon	Ko	Man Hon Ko	HKG	高文瀚	高文瀚		
800398803	Pak Hong Issac	Chan	Pak Hong Issac Chan	HKG	陈柏匡	陈柏匡		
800487495	Jin	Gu	Jin Gu	CHN	古今	古今		
800531958	Yitao	Cao	Yitao Cao	CHN	曹逸韬	曹逸韬		
800516440	Malanqi	Du	Malanqi Du	CHN	杜马岚祺	杜马岚祺		
800439135	Zhuohan	Wu	Zhuohan Wu	CHN	吴卓瀚	吴卓瀚		
800521395	Yi Ke	Li	Yi Ke Li	CHN	李义可	李义可		
800532025	Chao Fan	Chen	Chao Fan Chen	CHN	陈超凡	陈超凡		
800534441	Yuchen	Pan	Yuchen Pan	CHN	潘昱辰	潘昱辰		
800492137	Yaojie	Zeng	Yaojie Zeng	CHN	曾姚杰	曾姚杰		
800484506	Hanyu	Liu	Hanyu Liu	CHN	刘翰雨	刘翰雨		
800511874	Zhan	Zheng	Zhan Zheng	CHN	郑展	郑展		
800546597	Jeremy	Jin	Jeremy Jin	AUS	金童	金童		
800507260	Cong Ying	Zhao	Cong Ying Zhao	CHN	赵聪颖	赵聪颖		
800537784	Le Yi	Liu	Le Yi Liu	CHN	刘乐怡	刘乐怡		
800530199	Xichen	Zhao	Xichen Zhao	CHN	赵溪晨	赵溪晨		
800512672	Xinxin	Yao	Xinxin Yao	CHN	姚欣辛	姚欣辛		
800488293	Yajing	Cao	Yajing Cao	CHN	曹雅婧	曹雅婧		
800561207	Xin Tong	Wang	Xin Tong Wang	CHN	王馨潼	王馨潼		
800486851	Zongyu	Li	Zongyu Li	CHN	李宗钰	李宗钰		
800486604	Na	Dong	Na Dong	CHN	董娜	董娜		
800559106	Juncheng	Shang	Juncheng Shang	CHN	商竣程	商竣程		
800492217	Shunsuke	Mitsui	Shunsuke Mitsui	JPN	三井骏介	三井骏介	三井 駿介	三井 駿介
800506448	Victoria	Jimenez Kasintseva	Victoria Jimenez Kasintseva	AND	希门尼斯	维多利亚·希门尼斯-卡辛采娃		
800434356	Weronika	Baszak	Weronika Baszak	POL	巴沙克	韦罗尼卡·巴沙克		
800570036	Fang An	Lin	Fang An Lin	TPE	林芳安	林芳安		
800451734	Yu	Zhang	Yu Zhang	CHN	张羽	张羽
